Date,Route_Code,Origin,Destination,Capacity_Weight,Base_Price_INR,Observed_Price_INR,Price_Ratio,Weighted_Contribution,Index_Type
2026-09-27,DEL-BOM,Delhi,Mumbai,0.07843,4500,5625,1.25,0.098037,DGCA Lowe / Laspeyres Weighted Airfare Index
2026-09-27,BOM-DEL,Mumbai,Delhi,0.07843,4500,6345,1.41,0.110586,DGCA Lowe / Laspeyres Weighted Airfare Index
2026-09-27,BLR-DEL,Bengaluru,Delhi,0.05392,4800,6480,1.35,0.072792,DGCA Lowe / Laspeyres Weighted Airfare Index
2026-09-27,DEL-BLR,Delhi,Bengaluru,0.05392,4800,6288,1.31,0.070635,DGCA Lowe / Laspeyres Weighted Airfare Index
2026-09-27,BOM-BLR,Mumbai,Bengaluru,0.04412,3800,4522,1.19,0.052503,DGCA Lowe / Laspeyres Weighted Airfare Index
2026-09-27,BLR-BOM,Bengaluru,Mumbai,0.04412,3800,4522,1.19,0.052503,DGCA Lowe / Laspeyres Weighted Airfare Index
2026-09-27,DEL-CCU,Delhi,Kolkata,0.03431,4200,4914,1.17,0.040143,DGCA Lowe / Laspeyres Weighted Airfare Index
2026-09-27,CCU-DEL,Kolkata,Delhi,0.03431,4200,5796,1.38,0.047348,DGCA Lowe / Laspeyres Weighted Airfare Index
2026-09-27,DEL-MAA,Delhi,Chennai,0.02941,4600,6026,1.31,0.038527,DGCA Lowe / Laspeyres Weighted Airfare Index
2026-09-27,MAA-DEL,Chennai,Delhi,0.02941,4600,6164,1.34,0.039409,DGCA Lowe / Laspeyres Weighted Airfare Index
2026-09-27,HYD-DEL,Hyderabad,Delhi,0.02941,4000,4640,1.16,0.034116,DGCA Lowe / Laspeyres Weighted Airfare Index
2026-09-27,DEL-HYD,Delhi,Hyderabad,0.02941,4000,5640,1.41,0.041468,DGCA Lowe / Laspeyres Weighted Airfare Index
2026-09-27,BOM-CCU,Mumbai,Kolkata,0.02451,4400,6028,1.37,0.033579,DGCA Lowe / Laspeyres Weighted Airfare Index
2026-09-27,CCU-BOM,Kolkata,Mumbai,0.02451,4400,5324,1.21,0.029657,DGCA Lowe / Laspeyres Weighted Airfare Index
2026-09-27,BOM-MAA,Mumbai,Chennai,0.02451,3900,4680,1.2,0.029412,DGCA Lowe / Laspeyres Weighted Airfare Index
2026-09-27,MAA-BOM,Chennai,Mumbai,0.02451,3900,4680,1.2,0.029412,DGCA Lowe / Laspeyres Weighted Airfare Index
2026-09-27,BLR-HYD,Bengaluru,Hyderabad,0.01961,3100,3813,1.23,0.02412,DGCA Lowe / Laspeyres Weighted Airfare Index
2026-09-27,HYD-BLR,Hyderabad,Bengaluru,0.01961,3100,3999,1.29,0.025297,DGCA Lowe / Laspeyres Weighted Airfare Index
2026-09-27,DEL-AMD,Delhi,Ahmedabad,0.01961,3500,4445,1.27,0.024905,DGCA Lowe / Laspeyres Weighted Airfare Index
2026-09-27,AMD-DEL,Ahmedabad,Delhi,0.01961,3500,4305,1.23,0.02412,DGCA Lowe / Laspeyres Weighted Airfare Index
2026-09-27,DEL-PNQ,Delhi,Pune,0.01471,4100,5412,1.32,0.019417,DGCA Lowe / Laspeyres Weighted Airfare Index
2026-09-27,PNQ-DEL,Pune,Delhi,0.01471,4100,4879,1.19,0.017505,DGCA Lowe / Laspeyres Weighted Airfare Index
2026-09-27,DEL-GOI,Delhi,Goa,0.01471,4700,5781,1.23,0.018093,DGCA Lowe / Laspeyres Weighted Airfare Index
2026-09-27,GOI-DEL,Goa,Delhi,0.01471,4700,5875,1.25,0.018388,DGCA Lowe / Laspeyres Weighted Airfare Index
2026-09-27,BOM-GOI,Mumbai,Goa,0.01176,3200,4064,1.27,0.014935,DGCA Lowe / Laspeyres Weighted Airfare Index
2026-09-27,GOI-BOM,Goa,Mumbai,0.01176,3200,4352,1.36,0.015994,DGCA Lowe / Laspeyres Weighted Airfare Index
2026-09-27,BLR-CCU,Bengaluru,Kolkata,0.01176,4300,5160,1.2,0.014112,DGCA Lowe / Laspeyres Weighted Airfare Index
2026-09-27,CCU-BLR,Kolkata,Bengaluru,0.01176,4300,5547,1.29,0.01517,DGCA Lowe / Laspeyres Weighted Airfare Index
2026-09-27,BLR-MAA,Bengaluru,Chennai,0.0098,2800,3668,1.31,0.012838,DGCA Lowe / Laspeyres Weighted Airfare Index
2026-09-27,MAA-BLR,Chennai,Bengaluru,0.0098,2800,3248,1.16,0.011368,DGCA Lowe / Laspeyres Weighted Airfare Index
2026-09-27,DEL-COK,Delhi,Cochin,0.0098,5200,6812,1.31,0.012838,DGCA Lowe / Laspeyres Weighted Airfare Index
2026-09-27,COK-DEL,Cochin,Delhi,0.0098,5200,6240,1.2,0.01176,DGCA Lowe / Laspeyres Weighted Airfare Index
2026-09-27,BOM-HYD,Mumbai,Hyderabad,0.0098,3400,3978,1.17,0.011466,DGCA Lowe / Laspeyres Weighted Airfare Index
2026-09-27,HYD-BOM,Hyderabad,Mumbai,0.0098,3400,4794,1.41,0.013818,DGCA Lowe / Laspeyres Weighted Airfare Index
2026-09-27,DEL-JAI,Delhi,Jaipur,0.00784,2500,3525,1.41,0.011054,DGCA Lowe / Laspeyres Weighted Airfare Index
2026-09-27,JAI-DEL,Jaipur,Delhi,0.00784,2500,3425,1.37,0.010741,DGCA Lowe / Laspeyres Weighted Airfare Index
2026-09-27,DEL-IXC,Delhi,Chandigarh,0.00784,2600,3198,1.23,0.009643,DGCA Lowe / Laspeyres Weighted Airfare Index
2026-09-27,IXC-DEL,Chandigarh,Delhi,0.00784,2600,3068,1.18,0.009251,DGCA Lowe / Laspeyres Weighted Airfare Index
2026-09-27,DEL-LKO,Delhi,Lucknow,0.00784,2900,3857,1.33,0.010427,DGCA Lowe / Laspeyres Weighted Airfare Index
2026-09-27,LKO-DEL,Lucknow,Delhi,0.00784,2900,3683,1.27,0.009957,DGCA Lowe / Laspeyres Weighted Airfare Index
2026-09-27,DEL-PAT,Delhi,Patna,0.00784,3600,4248,1.18,0.009251,DGCA Lowe / Laspeyres Weighted Airfare Index
2026-09-27,PAT-DEL,Patna,Delhi,0.00784,3600,4608,1.28,0.010035,DGCA Lowe / Laspeyres Weighted Airfare Index
2026-09-27,DEL-GAU,Delhi,Guwahati,0.00784,4900,5684,1.16,0.009094,DGCA Lowe / Laspeyres Weighted Airfare Index
2026-09-27,GAU-DEL,Guwahati,Delhi,0.00784,4900,6860,1.4,0.010976,DGCA Lowe / Laspeyres Weighted Airfare Index
2026-09-27,BOM-AMD,Mumbai,Ahmedabad,0.00784,3000,3660,1.22,0.009565,DGCA Lowe / Laspeyres Weighted Airfare Index
2026-09-27,AMD-BOM,Ahmedabad,Mumbai,0.00784,3000,3990,1.33,0.010427,DGCA Lowe / Laspeyres Weighted Airfare Index
2026-09-27,DEL-SXR,Delhi,Srinagar,0.00686,4200,5166,1.23,0.008438,DGCA Lowe / Laspeyres Weighted Airfare Index
2026-09-27,SXR-DEL,Srinagar,Delhi,0.00686,4200,5418,1.29,0.008849,DGCA Lowe / Laspeyres Weighted Airfare Index
2026-09-27,DEL-BBI,Delhi,Bhubaneswar,0.00588,4100,5330,1.3,0.007644,DGCA Lowe / Laspeyres Weighted Airfare Index
2026-09-27,BBI-DEL,Bhubaneswar,Delhi,0.00588,4100,4920,1.2,0.007056,DGCA Lowe / Laspeyres Weighted Airfare Index
2026-09-28,DEL-BOM,Delhi,Mumbai,0.07843,4500,5355,1.19,0.093332,DGCA Lowe / Laspeyres Weighted Airfare Index
2026-09-28,BOM-DEL,Mumbai,Delhi,0.07843,4500,6120,1.36,0.106665,DGCA Lowe / Laspeyres Weighted Airfare Index
2026-09-28,BLR-DEL,Bengaluru,Delhi,0.05392,4800,6192,1.29,0.069557,DGCA Lowe / Laspeyres Weighted Airfare Index
2026-09-28,DEL-BLR,Delhi,Bengaluru,0.05392,4800,6000,1.25,0.0674,DGCA Lowe / Laspeyres Weighted Airfare Index
2026-09-28,BOM-BLR,Mumbai,Bengaluru,0.04412,3800,4370,1.15,0.050738,DGCA Lowe / Laspeyres Weighted Airfare Index
2026-09-28,BLR-BOM,Bengaluru,Mumbai,0.04412,3800,4294,1.13,0.049856,DGCA Lowe / Laspeyres Weighted Airfare Index
2026-09-28,DEL-CCU,Delhi,Kolkata,0.03431,4200,4830,1.15,0.039456,DGCA Lowe / Laspeyres Weighted Airfare Index
2026-09-28,CCU-DEL,Kolkata,Delhi,0.03431,4200,5670,1.35,0.046319,DGCA Lowe / Laspeyres Weighted Airfare Index
2026-09-28,DEL-MAA,Delhi,Chennai,0.02941,4600,5934,1.29,0.037939,DGCA Lowe / Laspeyres Weighted Airfare Index
2026-09-28,MAA-DEL,Chennai,Delhi,0.02941,4600,6026,1.31,0.038527,DGCA Lowe / Laspeyres Weighted Airfare Index
2026-09-28,HYD-DEL,Hyderabad,Delhi,0.02941,4000,4480,1.12,0.032939,DGCA Lowe / Laspeyres Weighted Airfare Index
2026-09-28,DEL-HYD,Delhi,Hyderabad,0.02941,4000,5520,1.38,0.040586,DGCA Lowe / Laspeyres Weighted Airfare Index
2026-09-28,BOM-CCU,Mumbai,Kolkata,0.02451,4400,5808,1.32,0.032353,DGCA Lowe / Laspeyres Weighted Airfare Index
2026-09-28,CCU-BOM,Kolkata,Mumbai,0.02451,4400,5192,1.18,0.028922,DGCA Lowe / Laspeyres Weighted Airfare Index
2026-09-28,BOM-MAA,Mumbai,Chennai,0.02451,3900,4563,1.17,0.028677,DGCA Lowe / Laspeyres Weighted Airfare Index
2026-09-28,MAA-BOM,Chennai,Mumbai,0.02451,3900,4524,1.16,0.028432,DGCA Lowe / Laspeyres Weighted Airfare Index
2026-09-28,BLR-HYD,Bengaluru,Hyderabad,0.01961,3100,3720,1.2,0.023532,DGCA Lowe / Laspeyres Weighted Airfare Index
2026-09-28,HYD-BLR,Hyderabad,Bengaluru,0.01961,3100,3844,1.24,0.024316,DGCA Lowe / Laspeyres Weighted Airfare Index
2026-09-28,DEL-AMD,Delhi,Ahmedabad,0.01961,3500,4375,1.25,0.024512,DGCA Lowe / Laspeyres Weighted Airfare Index
2026-09-28,AMD-DEL,Ahmedabad,Delhi,0.01961,3500,4095,1.17,0.022944,DGCA Lowe / Laspeyres Weighted Airfare Index
2026-09-28,DEL-PNQ,Delhi,Pune,0.01471,4100,5207,1.27,0.018682,DGCA Lowe / Laspeyres Weighted Airfare Index
2026-09-28,PNQ-DEL,Pune,Delhi,0.01471,4100,4756,1.16,0.017064,DGCA Lowe / Laspeyres Weighted Airfare Index
2026-09-28,DEL-GOI,Delhi,Goa,0.01471,4700,5687,1.21,0.017799,DGCA Lowe / Laspeyres Weighted Airfare Index
2026-09-28,GOI-DEL,Goa,Delhi,0.01471,4700,5640,1.2,0.017652,DGCA Lowe / Laspeyres Weighted Airfare Index
2026-09-28,BOM-GOI,Mumbai,Goa,0.01176,3200,3904,1.22,0.014347,DGCA Lowe / Laspeyres Weighted Airfare Index
2026-09-28,GOI-BOM,Goa,Mumbai,0.01176,3200,4192,1.31,0.015406,DGCA Lowe / Laspeyres Weighted Airfare Index
2026-09-28,BLR-CCU,Bengaluru,Kolkata,0.01176,4300,4945,1.15,0.013524,DGCA Lowe / Laspeyres Weighted Airfare Index
2026-09-28,CCU-BLR,Kolkata,Bengaluru,0.01176,4300,5461,1.27,0.014935,DGCA Lowe / Laspeyres Weighted Airfare Index
2026-09-28,BLR-MAA,Bengaluru,Chennai,0.0098,2800,3584,1.28,0.012544,DGCA Lowe / Laspeyres Weighted Airfare Index
2026-09-28,MAA-BLR,Chennai,Bengaluru,0.0098,2800,3192,1.14,0.011172,DGCA Lowe / Laspeyres Weighted Airfare Index
2026-09-28,DEL-COK,Delhi,Cochin,0.0098,5200,6552,1.26,0.012348,DGCA Lowe / Laspeyres Weighted Airfare Index
2026-09-28,COK-DEL,Cochin,Delhi,0.0098,5200,6032,1.16,0.011368,DGCA Lowe / Laspeyres Weighted Airfare Index
2026-09-28,BOM-HYD,Mumbai,Hyderabad,0.0098,3400,3876,1.14,0.011172,DGCA Lowe / Laspeyres Weighted Airfare Index
2026-09-28,HYD-BOM,Hyderabad,Mumbai,0.0098,3400,4726,1.39,0.013622,DGCA Lowe / Laspeyres Weighted Airfare Index
2026-09-28,DEL-JAI,Delhi,Jaipur,0.00784,2500,3450,1.38,0.010819,DGCA Lowe / Laspeyres Weighted Airfare Index
2026-09-28,JAI-DEL,Jaipur,Delhi,0.00784,2500,3350,1.34,0.010506,DGCA Lowe / Laspeyres Weighted Airfare Index
2026-09-28,DEL-IXC,Delhi,Chandigarh,0.00784,2600,3068,1.18,0.009251,DGCA Lowe / Laspeyres Weighted Airfare Index
2026-09-28,IXC-DEL,Chandigarh,Delhi,0.00784,2600,2938,1.13,0.008859,DGCA Lowe / Laspeyres Weighted Airfare Index
2026-09-28,DEL-LKO,Delhi,Lucknow,0.00784,2900,3683,1.27,0.009957,DGCA Lowe / Laspeyres Weighted Airfare Index
2026-09-28,LKO-DEL,Lucknow,Delhi,0.00784,2900,3567,1.23,0.009643,DGCA Lowe / Laspeyres Weighted Airfare Index
2026-09-28,DEL-PAT,Delhi,Patna,0.00784,3600,4176,1.16,0.009094,DGCA Lowe / Laspeyres Weighted Airfare Index
2026-09-28,PAT-DEL,Patna,Delhi,0.00784,3600,4428,1.23,0.009643,DGCA Lowe / Laspeyres Weighted Airfare Index
2026-09-28,DEL-GAU,Delhi,Guwahati,0.00784,4900,5439,1.11,0.008702,DGCA Lowe / Laspeyres Weighted Airfare Index
2026-09-28,GAU-DEL,Guwahati,Delhi,0.00784,4900,6664,1.36,0.010662,DGCA Lowe / Laspeyres Weighted Airfare Index
2026-09-28,BOM-AMD,Mumbai,Ahmedabad,0.00784,3000,3510,1.17,0.009173,DGCA Lowe / Laspeyres Weighted Airfare Index
2026-09-28,AMD-BOM,Ahmedabad,Mumbai,0.00784,3000,3870,1.29,0.010114,DGCA Lowe / Laspeyres Weighted Airfare Index
2026-09-28,DEL-SXR,Delhi,Srinagar,0.00686,4200,4998,1.19,0.008163,DGCA Lowe / Laspeyres Weighted Airfare Index
2026-09-28,SXR-DEL,Srinagar,Delhi,0.00686,4200,5250,1.25,0.008575,DGCA Lowe / Laspeyres Weighted Airfare Index
2026-09-28,DEL-BBI,Delhi,Bhubaneswar,0.00588,4100,5248,1.28,0.007526,DGCA Lowe / Laspeyres Weighted Airfare Index
2026-09-28,BBI-DEL,Bhubaneswar,Delhi,0.00588,4100,4838,1.18,0.006938,DGCA Lowe / Laspeyres Weighted Airfare Index
